brand,type,price,available,sold,target
65,28,43.99,2.0,393.0,0
35,28,79.99,5.0,40.0,0
298,28,59.99,10.0,35.0,0
33,28,59.99,10.0,9.0,0
201,28,29.99,10.0,0.0,0
362,28,51.99,8.0,184.0,0
33,28,58.99,10.0,18.0,0
357,40,52.79,6.0,258.0,0
357,40,29.99,10.0,251.0,0
214,28,22.75,10.0,174.0,0
369,28,39.99,10.0,77.0,0
153,28,64.99,10.0,35.0,0
65,28,60.99,2.0,51.0,0
65,28,43.49,2.0,20.0,0
82,28,29.2,10.0,505.0,0
154,28,13.0,10.0,94.0,0
290,28,39.69,10.0,234.0,0
237,28,59.99,6.0,34.0,0
35,28,59.99,10.0,43.0,0
99,28,11.0,10.0,1613.0,0
302,93,27.0,10.0,218.0,0
371,99,29.99,10.0,1.0,0
349,28,16.27,300.0,38.0,0
367,28,54.95,10.0,25.0,0
65,28,49.99,6.0,183.0,0
279,28,84.99,4.0,71.0,0
369,28,39.99,8.0,126.0,0
101,40,53.99,10.0,54.0,0
124,28,99.99,4.0,29.0,0
192,28,40.92,10.0,1571.0,0
92,40,22.9,10.0,291.0,0
362,28,42.0,4.0,406.0,0
143,28,44.88,7.0,147.0,0
298,28,66.99,10.0,3.0,0
312,28,129.99,5.0,37.0,0
35,28,22.99,10.0,11.0,0
279,75,12.0,10.0,59.0,0
237,40,32.95,10.0,68.0,0
26,28,31.05,9.0,54.0,0
357,40,32.2,60.0,157.0,0
324,62,17.9,10.0,4.0,0
202,28,29.75,9.0,80.0,0
102,21,19.99,10.0,441.0,0
65,28,43.99,2.0,16.0,0
65,28,59.99,2.0,21.0,0
237,40,42.88,10.0,71.0,0
279,28,100.99,10.0,49.0,0
192,28,26.05,10.0,128.0,0
35,28,54.99,5.0,60.0,0
65,28,49.99,6.0,179.0,0
362,28,47.49,2.0,208.0,0
65,28,43.99,10.0,166.0,0
264,28,32.0,10.0,87.0,0
82,28,31.5,10.0,287.0,0
147,28,42.99,5.0,243.0,0
369,28,98.99,3.0,56.0,0
362,28,42.0,4.0,404.0,0
200,28,39.99,10.0,102.0,0
58,28,27.99,10.0,87.0,0
65,28,42.99,2.0,130.0,0
335,28,43.99,6.0,25.0,0
357,40,15.49,10.0,1089.0,0
214,28,23.25,10.0,19.0,0
102,66,16.26,10.0,110.0,0
369,28,49.68,10.0,25.0,0
153,40,49.99,4.0,41.0,0
101,40,27.9,2.0,118.0,0
369,28,49.99,5.0,15.0,0
191,39,36.79,68.0,1498.0,0
237,40,39.99,10.0,1129.0,0
233,40,48.88,10.0,14.0,0
65,28,55.99,6.0,193.0,0
147,28,42.98,10.0,29.0,0
187,25,15.98,10.0,40.0,0
113,2,19.45,50.0,2.0,0
192,34,49.99,2.0,288.0,0
324,12,20.49,8.0,190.0,0
264,28,31.0,4.0,266.0,0
354,28,24.99,9.0,9.0,0
103,28,19.0,10.0,10.0,0
99,28,14.0,10.0,266.0,0
231,28,34.0,10.0,45.0,0
19,56,49.0,10.0,443.0,0
122,28,54.99,10.0,17.0,0
361,28,30.99,10.0,302.0,0
203,39,16.63,37.0,528.0,0
335,28,60.0,10.0,256.0,0
362,28,42.99,10.0,155.0,0
139,72,19.0,10.0,35.0,0
63,40,25.27,106.0,539.0,0
101,45,29.9,10.0,327.0,0
182,28,20.93,10.0,1484.0,0
29,40,30.98,10.0,12.0,0
357,40,41.5,3.0,255.0,0
202,28,64.99,5.0,4.0,0
26,28,29.99,9.0,57.0,0
237,40,30.79,3.0,493.0,0
369,28,39.99,10.0,66.0,0
79,78,21.27,2.0,61.0,0
349,0,15.89,10.0,434.0,0
355,78,10.99,10.0,94.0,0
145,28,37.88,8.0,108.0,0
101,40,30.95,8.0,245.0,0
185,40,25.23,8.0,909.0,0
64,28,23.88,10.0,5587.0,0
361,62,18.5,6.0,23.0,0
17,39,20.45,110.0,4308.0,0
35,28,59.99,10.0,114.0,0
149,40,12.78,149.0,10268.0,0
298,28,64.99,10.0,123.0,0
26,28,33.99,9.0,89.0,0
101,40,29.99,8.0,187.0,0
355,28,100.99,10.0,47.0,0
278,40,14.75,183.0,1999.0,0
298,28,19.0,10.0,0.0,0
185,40,33.52,131.0,2846.0,0
202,28,100.99,10.0,48.0,0
273,62,28.0,2.0,0.0,0
211,28,49.99,5.0,127.0,0
355,28,9.7,10.0,2.0,0
335,28,44.99,8.0,232.0,0
115,28,33.0,10.0,0.0,0
26,28,33.8,8.0,303.0,0
214,28,22.99,10.0,8.0,0
33,28,49.99,8.0,22.0,0
114,82,17.89,71.0,5263.0,0
58,40,35.09,45.0,755.0,0
64,28,25.57,194.0,472.0,0
114,40,16.44,64.0,315.0,0
140,28,10.99,10.0,29.0,0
202,28,7.99,10.0,333.0,0
335,28,43.99,10.0,109.0,0
11,65,36.65,3.0,22.0,0
101,45,29.99,10.0,315.0,0
33,28,54.99,10.0,9.0,0
279,28,12.49,8.0,490.0,0
101,28,49.99,2.0,15.0,0
12,28,9.25,10.0,290.0,0
61,28,100.99,10.0,13.0,0
35,25,50.68,3.0,7.0,0
170,28,42.0,4.0,11.0,0
82,28,38.92,141.0,2515.0,0
33,28,49.99,4.0,46.0,0
349,28,58.99,10.0,12.0,0
357,28,33.38,76.0,2715.0,0
101,45,29.65,6.0,821.0,0
123,25,18.63,13.0,3185.0,0
122,28,28.05,8.0,299.0,0
192,28,55.1,10.0,39.0,0
208,28,99.99,2.0,3.0,0
349,78,19.75,10.0,33.0,0
58,28,34.08,10.0,4332.0,0
137,28,12.95,4.0,73.0,0
238,28,30.0,3.0,4.0,0
22,67,12.36,417.0,1130.0,0
153,28,43.99,2.0,136.0,0
335,28,51.99,3.0,179.0,0
187,25,79.99,10.0,15.0,0
153,28,43.69,6.0,18.0,0
287,40,35.39,31.0,2209.0,0
122,35,34.28,10.0,5901.0,0
99,28,43.32,10.0,252.0,0
147,28,41.99,3.0,7.0,0
26,28,29.49,5.0,45.0,0
65,28,41.99,4.0,369.0,0
27,39,36.59,175.0,931.0,0
26,28,33.99,3.0,40.0,0
211,28,41.99,10.0,220.0,0
145,28,49.0,7.0,13.0,0
65,28,119.99,10.0,141.0,0
215,28,26.99,6.0,155.0,0
17,40,15.99,216.0,1107.0,0
114,40,19.68,10.0,10259.0,0
82,28,42.28,10.0,796.0,0
102,17,26.99,10.0,69.0,0
355,28,109.95,10.0,416.0,0
197,39,23.75,132.0,417.0,0
65,28,18.99,10.0,25.0,0
79,78,33.0,10.0,232.0,0
211,28,41.49,10.0,61.0,0
64,28,32.12,10.0,7018.0,0
35,28,55.39,10.0,6.0,0
211,28,36.99,8.0,66.0,0
369,28,54.99,10.0,74.0,0
361,28,28.99,3.0,43.0,0
65,28,49.99,6.0,22.0,0
191,28,34.59,10.0,1790.0,0
259,28,39.47,10.0,99.0,0
38,28,29.9,3.0,6.0,0
33,28,59.99,10.0,8.0,0
73,28,20.42,204.0,3525.0,0
102,28,29.99,10.0,223.0,0
356,40,25.42,107.0,4123.0,0
369,28,59.99,6.0,29.0,0
237,28,62.99,2.0,16.0,0
58,40,35.08,10.0,6191.0,0
187,25,95.99,10.0,30.0,0
187,25,49.99,6.0,117.0,0
290,78,30.17,10.0,441.0,0
82,28,37.19,10.0,3080.0,0
231,65,18.79,3.0,22.0,0
369,28,40.0,4.0,602.0,0
58,29,79.99,10.0,7.0,0
156,28,20.44,35.0,7558.0,0
298,28,44.99,7.0,42.0,0
84,25,14.89,10.0,7331.0,0
64,28,23.95,5.0,655.0,0
65,28,43.99,2.0,11.0,0
33,28,59.99,5.0,6.0,0
99,28,52.78,10.0,3759.0,0
357,28,54.9,10.0,10.0,0
99,39,43.33,23.0,280.0,0
27,28,29.45,10.0,355.0,0
103,28,20.0,8.0,22.0,0
26,28,29.99,2.0,62.0,0
114,40,20.48,48.0,620.0,0
279,28,12.0,9.0,29.0,0
78,28,22.09,10.0,332.0,0
191,28,34.38,131.0,2361.0,0
191,28,24.24,251.0,3152.0,0
145,28,21.95,10.0,8.0,0
8,28,39.89,10.0,8.0,0
56,28,18.94,235.0,1804.0,0
185,40,24.51,10.0,601.0,0
211,28,32.99,8.0,238.0,0
82,28,16.95,10.0,15.0,0
361,28,33.99,7.0,149.0,0
58,40,35.73,557.0,2590.0,0
121,28,34.98,10.0,131.0,0
369,28,59.96,4.0,19.0,0
202,28,64.88,5.0,42.0,0
211,28,69.99,9.0,25.0,0
64,40,25.69,11.0,169.0,0
369,28,49.68,10.0,21.0,0
145,28,33.92,10.0,3.0,0
102,28,24.99,10.0,370.0,0
148,51,49.99,10.0,174.0,0
264,40,34.99,6.0,5.0,0
120,28,30.45,8.0,738.0,0
211,69,67.5,10.0,12.0,0
101,40,5.99,5.0,3.0,0
103,28,15.0,10.0,65.0,0
26,28,15.99,9.0,35.0,0
362,28,79.72,10.0,334.0,0
237,40,33.99,3.0,43.0,0
99,40,39.98,10.0,3379.0,0
246,28,44.99,10.0,1647.0,0
211,28,44.95,10.0,14.0,0
217,28,60.37,10.0,9.0,0
58,40,53.99,2.0,10.0,0
361,28,30.99,4.0,89.0,0
231,28,23.9,10.0,2.0,0
202,28,99.99,10.0,20.0,0
64,38,26.43,96.0,5314.0,0
103,28,20.0,2.0,41.0,0
101,45,29.95,10.0,296.0,0
167,39,15.52,26.0,129.0,0
303,40,45.99,10.0,201.0,0
26,28,29.99,9.0,14.0,0
151,28,27.31,10.0,5.0,0
100,28,38.99,3.0,122.0,0
303,28,45.92,10.0,3009.0,0
70,28,12.99,15.0,36.0,0
210,28,26.99,10.0,44.0,0
185,28,58.61,10.0,770.0,0
210,69,86.99,10.0,1385.0,0
361,28,54.0,4.0,26.0,0
265,28,5.99,196.0,32.0,0
282,28,24.39,123.0,5558.0,0
64,28,22.99,10.0,347.0,0
214,28,21.98,10.0,278.0,0
279,28,76.99,2.0,13.0,0
82,28,28.99,8.0,152.0,0
361,28,33.89,9.0,216.0,0
362,28,59.99,10.0,150.0,0
202,28,8.99,10.0,344.0,0
101,28,18.95,8.0,9.0,0
79,90,20.79,7.0,33.0,0
279,78,89.99,6.0,7.0,0
303,40,20.31,8.0,84.0,0
191,28,34.6,89.0,1833.0,0
58,28,38.14,10.0,725.0,0
40,28,16.89,10.0,551.0,0
113,40,12.95,5.0,24.0,0
185,28,49.81,3.0,30.0,0
264,28,34.99,10.0,36.0,0
67,50,29.95,6.0,19.0,0
335,82,85.56,10.0,953.0,0
68,28,119.0,2.0,7.0,0
171,28,27.26,32.0,4977.0,0
335,28,69.99,2.0,27.0,0
355,28,99.99,10.0,5.0,0
233,40,48.88,9.0,51.0,0
298,28,48.99,8.0,37.0,0
237,28,28.99,7.0,3.0,0
231,28,37.99,10.0,16.0,0
92,40,20.99,4.0,20.0,0
187,25,86.99,4.0,6.0,0
191,39,29.55,408.0,886.0,0
211,28,9.99,10.0,65.0,0
335,28,12.99,10.0,89.0,0
103,28,26.9,10.0,150.0,0
143,28,44.78,2.0,11.0,0
361,28,34.99,9.0,110.0,0
361,58,14.5,5.0,17.0,0
169,28,14.95,10.0,17.0,0
211,28,42.99,2.0,4.0,0
279,71,100.99,10.0,15.0,0
47,28,49.99,4.0,38.0,0
362,28,9.99,10.0,10.0,0
122,28,28.15,10.0,123.0,0
226,40,14.74,117.0,889.0,0
26,28,29.99,10.0,29.0,0
210,28,35.99,10.0,161.0,0
148,28,49.99,10.0,230.0,0
290,40,19.05,8.0,42.0,0
26,28,29.54,10.0,1372.0,0
65,78,47.8,10.0,38.0,0
79,28,13.95,10.0,57.0,0
19,56,59.99,10.0,243.0,0
361,28,43.0,3.0,27.0,0
146,40,22.51,189.0,3319.0,0
357,40,9.92,10.0,5971.0,0
148,40,47.65,10.0,5349.0,0
187,25,86.99,7.0,9.0,0
82,28,41.58,174.0,298.0,0
56,28,16.87,36.0,626.0,0
153,39,59.4,50.0,120.0,0
298,28,43.99,2.0,121.0,0
332,28,69.99,4.0,7.0,0
68,28,12.99,10.0,32.0,0
192,28,11.66,2.0,12.0,0
192,78,43.15,10.0,561.0,0
357,40,32.99,6.0,79.0,0
114,40,15.8,72.0,2499.0,0
290,40,15.0,5.0,5.0,0
114,28,17.52,10.0,1692.0,0
26,28,38.99,8.0,108.0,0
272,40,19.83,22.0,1652.0,0
361,28,17.49,17.0,292.0,0
112,28,19.12,3.0,42.0,0
27,28,30.9,3.0,607.0,0
217,28,13.89,5.0,52.0,0
40,28,12.74,10.0,13.0,0
128,78,48.0,4.0,1.0,0
64,28,26.66,10.0,17854.0,0
272,40,33.34,8.0,3466.0,0
339,28,12.0,4.0,6.0,0
64,40,17.57,62.0,83.0,0
113,40,20.0,15.0,25.0,0
212,28,19.99,3.0,3.0,0
355,28,55.99,10.0,131.0,0
369,28,38.68,10.0,14.0,0
280,40,14.45,9.0,349.0,0
197,28,15.88,10.0,103.0,0
79,28,32.13,10.0,3215.0,0
358,28,18.99,21.0,1396.0,0
260,28,9.95,4.0,135.0,0
99,40,20.0,10.0,26.0,0
356,38,25.25,71.0,15897.0,0
17,40,22.25,51.0,2048.0,0
95,28,21.99,3.0,83.0,0
357,28,63.99,10.0,152.0,0
211,28,39.95,10.0,60.0,0
35,28,49.99,10.0,4.0,0
349,28,15.77,300.0,67.0,0
148,28,41.99,10.0,166.0,0
187,25,17.0,5.0,968.0,0
182,28,18.99,73.0,886.0,0
361,28,30.99,10.0,91.0,0
369,28,49.99,5.0,25.0,0
131,93,44.99,10.0,2.0,0
65,28,55.99,5.0,80.0,0
148,40,41.99,10.0,39.0,0
282,28,24.5,10.0,20.0,0
290,28,38.99,10.0,103.0,0
153,28,12.49,10.0,28.0,0
196,24,14.4,5.0,73.0,0
153,28,69.99,8.0,53.0,0
264,28,44.99,8.0,21.0,0
264,28,63.0,10.0,4.0,0
361,28,30.99,6.0,130.0,0
325,86,12.99,10.0,49.0,0
10,28,25.99,10.0,12.0,0
35,40,23.99,10.0,4.0,0
339,88,25.0,5.0,79.0,0
146,40,15.42,114.0,7773.0,0
214,28,28.89,10.0,45.0,0
26,28,33.59,9.0,559.0,0
131,93,64.99,10.0,5.0,0
361,62,11.88,10.0,47.0,0
211,28,43.99,6.0,52.0,0
287,40,25.66,33.0,6077.0,0
33,49,59.99,10.0,20.0,0
211,28,52.99,10.0,287.0,0
65,28,89.99,10.0,107.0,0
175,40,26.35,127.0,984.0,0
187,25,79.99,5.0,5.0,0
68,28,118.99,6.0,36.0,0
131,93,64.99,10.0,5.0,0
8,28,41.5,4.0,17.0,0
211,28,7.95,10.0,162.0,0
346,28,24.98,234.0,888.0,0
335,39,64.54,29.0,68.0,0
214,65,34.77,3.0,9.0,0
369,40,29.99,10.0,21.0,0
26,28,29.99,9.0,14.0,0
362,78,52.99,6.0,30.0,0
212,39,24.79,70.0,757.0,0
246,28,269.0,10.0,59.0,0
329,28,5.5,10.0,540.0,0
165,28,64.99,10.0,123.0,0
153,71,29.99,6.0,5.0,0
275,28,50.73,105.0,1905.0,0
113,40,26.33,10.0,2250.0,0
357,40,46.44,10.0,2838.0,0
303,40,43.98,7.0,12.0,0
198,28,23.97,117.0,920.0,0
273,62,44.95,2.0,4.0,0
101,40,32.49,6.0,88.0,0
211,28,14.99,10.0,256.0,0
120,40,29.26,23.0,392.0,0
335,78,36.99,10.0,70.0,0
27,39,19.1,44.0,373.0,0
175,40,19.39,33.0,651.0,0
153,28,31.0,3.0,112.0,0
113,28,23.42,110.0,536.0,0
113,40,15.31,331.0,1927.0,0
35,28,52.99,8.0,8.0,0
86,28,174.99,9.0,14.0,0
61,28,69.99,3.0,34.0,0
202,28,99.99,10.0,20.0,0
231,28,23.99,10.0,0.0,0
3,40,50.0,2.0,14.0,0
90,25,15.25,10.0,104.0,0
211,28,43.99,10.0,40.0,0
185,40,34.43,16.0,563.0,0
260,28,37.88,8.0,8.0,0
165,40,49.99,10.0,35.0,0
122,28,42.04,413.0,413.0,0
101,40,10.0,10.0,110.0,0
63,40,27.06,18.0,21.0,0
58,40,55.99,3.0,14.0,0
145,40,69.98,10.0,2663.0,0
219,28,17.25,165.0,2156.0,0
101,28,29.95,6.0,13.0,0
263,78,29.99,7.0,45.0,0
369,28,49.99,5.0,6.0,0
35,40,43.82,5.0,20.0,0
103,28,38.0,2.0,8.0,0
63,40,29.97,93.0,2311.0,0
99,40,52.39,10.0,145.0,0
324,79,21.95,9.0,85.0,0
90,40,24.95,7.0,171.0,0
103,28,18.75,10.0,29.0,0
309,78,72.0,8.0,41.0,0
145,28,54.99,10.0,40.0,0
167,28,18.14,10.0,1966.0,0
160,25,14.7,2.0,169.0,0
211,28,44.99,10.0,12.0,0
58,28,34.93,10.0,1947.0,0
150,81,28.9,10.0,1.0,0
211,77,15.0,10.0,7.0,0
33,95,128.88,10.0,21.0,0
357,40,9.94,10.0,4775.0,0
185,28,38.89,25.0,1832.0,0
33,40,74.99,10.0,6.0,0
272,40,19.41,15.0,2436.0,0
357,66,43.15,10.0,66.0,0
191,40,27.98,3.0,204.0,0
64,40,26.15,112.0,1954.0,0
82,28,26.0,10.0,2.0,0
211,28,40.99,10.0,7.0,0
193,28,76.5,10.0,2.0,0
306,40,7.99,8.0,131.0,0
33,28,78.99,10.0,7.0,0
122,6,40.0,10.0,10.0,0
309,28,29.95,10.0,14.0,0
231,28,21.69,7.0,3.0,0
237,40,57.63,10.0,430.0,0
318,65,27.25,3.0,9.0,0
181,40,23.68,10.0,1576.0,0
335,28,49.99,6.0,75.0,0
211,28,42.99,10.0,20.0,0
309,28,99.0,5.0,7.0,0
273,78,7.99,10.0,73.0,0
79,90,23.0,10.0,102.0,0
365,28,99.0,10.0,11.0,0
195,40,34.36,10.0,28.0,0
211,28,44.98,10.0,23.0,0
349,40,42.88,10.0,34.0,0
200,28,38.99,10.0,57.0,0
101,40,28.6,10.0,145.0,0
185,65,45.11,3.0,15.0,0
141,39,50.07,62.0,1522.0,0
370,40,24.99,7.0,3.0,0
361,28,59.99,4.0,0.0,0
13,28,34.95,2.0,16.0,0
303,28,46.94,10.0,32.0,0
174,39,17.99,38.0,549.0,0
64,28,29.0,5.0,126.0,0
192,78,11.99,2.0,8.0,0
187,25,86.99,3.0,7.0,0
366,40,14.45,22.0,47.0,0
264,28,50.0,2.0,4.0,0
301,78,50.0,8.0,271.0,0
187,25,86.99,6.0,4.0,0
156,40,20.67,10.0,5628.0,0
344,40,21.64,31.0,337.0,0
35,28,59.99,10.0,8.0,0
82,28,56.97,10.0,254.0,0
102,28,29.89,10.0,339.0,0
286,40,13.76,86.0,4492.0,0
35,28,49.99,5.0,69.0,0
58,28,9.89,4.0,103.0,0
214,81,11.99,10.0,423.0,0
54,40,24.74,10.0,2761.0,0
33,28,71.41,5.0,27.0,0
369,28,59.99,4.0,26.0,0
277,28,80.99,10.0,4.0,0
63,40,24.04,10.0,221.0,0
191,28,28.68,145.0,2188.0,0
187,25,34.99,3.0,12.0,0
357,28,15.99,3.0,3.0,0
58,53,27.99,10.0,21.0,0
26,28,29.99,6.0,11.0,0
73,28,20.25,120.0,2996.0,0
79,28,42.0,10.0,11.0,0
319,9,6.99,10.0,6.0,0
187,25,79.99,4.0,6.0,0
59,40,32.88,7.0,36.0,0
357,28,55.73,10.0,742.0,0
113,39,16.82,38.0,263.0,0
362,28,26.99,10.0,65.0,0
219,40,18.35,67.0,1926.0,0
187,25,4.95,10.0,3954.0,0
329,28,19.9,10.0,41.0,0
4,28,9.99,10.0,44.0,0
101,28,19.95,10.0,5.0,0
165,40,49.99,2.0,25.0,0
17,28,16.93,52.0,1516.0,0
357,40,19.99,10.0,37.0,0
101,45,29.95,9.0,9.0,0
101,40,11.95,10.0,73.0,0
370,28,15.0,5.0,10.0,0
356,40,19.54,19.0,288.0,0
279,28,150.0,3.0,1.0,0
65,28,44.49,9.0,5.0,0
35,28,59.99,5.0,30.0,0
101,40,32.49,10.0,226.0,0
12,78,14.9,5.0,5.0,0
178,40,21.95,5.0,0.0,0
361,28,33.99,10.0,80.0,0
122,28,29.49,10.0,458.0,0
72,28,31.23,50.0,101.0,0
357,40,8.98,6.0,64.0,0
357,40,37.99,10.0,147.0,0
148,28,43.99,10.0,24.0,0
69,78,18.99,10.0,2.0,0
217,28,14.75,10.0,119.0,0
191,28,59.32,10.0,119.0,0
86,28,285.0,8.0,5.0,0
37,5,13.37,92.0,7.0,0
357,40,38.49,10.0,81.0,0
64,28,25.98,10.0,5255.0,0
14,7,9.25,10.0,30.0,0
122,78,11.95,3.0,7.0,0
338,55,13.0,10.0,5.0,0
192,28,42.99,10.0,32.0,0
165,40,67.99,10.0,110.0,0
298,28,44.99,2.0,114.0,0
17,40,16.2,10.0,2472.0,0
212,28,31.41,10.0,5107.0,0
26,28,29.99,6.0,9.0,0
63,24,20.0,10.0,79.0,0
343,28,19.95,4.0,27.0,0
187,25,49.99,7.0,122.0,0
187,25,79.99,9.0,1.0,0
367,28,45.99,10.0,27.0,0
253,28,27.0,10.0,61.0,0
273,28,22.99,7.0,39.0,0
133,28,13.99,10.0,34.0,0
211,28,61.99,4.0,49.0,0
279,28,99.99,2.0,19.0,0
355,28,99.99,10.0,19.0,0
82,28,13.95,10.0,24.0,0
68,28,31.95,10.0,196.0,0
99,40,49.51,10.0,635.0,0
271,28,59.5,10.0,3.0,0
279,28,99.99,2.0,12.0,0
153,28,54.99,10.0,31.0,0
235,28,69.58,10.0,104.0,0
258,28,59.23,10.0,51.0,0
335,28,49.99,5.0,17.0,0
339,89,34.99,9.0,30.0,0
246,28,35.79,3.0,110.0,0
214,28,30.89,8.0,8.0,0
279,28,99.99,10.0,10.0,0
27,28,99.95,10.0,79.0,0
300,11,14.94,3.0,1454.0,0
148,40,49.99,10.0,43.0,0
214,39,29.06,103.0,152.0,0
142,78,140.0,10.0,0.0,0
36,78,1.99,10.0,4912.0,0
202,28,54.99,4.0,4.0,0
183,28,26.14,10.0,2724.0,0
65,33,13.75,10.0,52.0,0
26,66,17.99,5.0,17.0,0
191,28,14.99,10.0,5.0,0
113,28,16.3,159.0,1053.0,0
361,62,18.04,10.0,3.0,0
165,28,13.88,10.0,68.0,0
224,78,15.0,4.0,1.0,0
26,28,32.99,9.0,83.0,0
145,28,49.99,2.0,54.0,0
335,40,40.0,5.0,1.0,0
345,28,29.95,10.0,1.0,0
103,28,20.0,10.0,0.0,0
58,28,34.09,252.0,1429.0,0
148,28,55.63,10.0,57.0,0
171,28,27.25,10.0,3555.0,0
316,28,29.99,10.0,17.0,0
287,28,25.47,96.0,1616.0,0
267,78,9.99,8.0,139.0,0
156,40,22.95,20.0,294.0,0
123,25,18.62,10.0,2477.0,0
153,40,64.94,10.0,1613.0,0
40,14,14.89,6.0,30.0,0
187,25,79.99,8.0,2.0,0
56,28,19.24,7.0,1337.0,0
114,80,18.87,10.0,1.0,0
203,28,19.53,47.0,537.0,0
298,28,54.42,10.0,34.0,0
318,78,25.99,13.0,39.0,0
101,45,32.49,6.0,18.0,0
212,28,24.77,200.0,1585.0,0
68,28,18.76,4.0,229.0,0
355,28,100.99,10.0,10.0,0
56,28,18.9,245.0,3860.0,0
318,28,19.95,10.0,915.0,0
281,40,14.49,45.0,506.0,0
261,78,9.99,6.0,4.0,0
79,78,26.12,10.0,235.0,0
113,28,15.27,28.0,126.0,0
335,28,18.0,10.0,24.0,0
212,28,12.99,10.0,43.0,0
93,78,13.99,10.0,10.0,0
246,28,19.88,10.0,11.0,0
79,28,24.02,10.0,20.0,0
276,40,32.91,10.0,435.0,0
210,28,37.99,10.0,517.0,0
141,40,40.63,159.0,847.0,0
31,28,128.88,4.0,24.0,0
7,28,26.4,10.0,1338.0,0
211,28,43.99,6.0,15.0,0
211,28,43.99,6.0,15.0,0
291,28,15.49,10.0,22.0,0
279,28,100.99,10.0,39.0,0
260,40,27.54,6.0,272.0,0
92,40,15.99,10.0,98.0,0
186,40,26.81,10.0,478.0,0
141,40,38.76,10.0,401.0,0
128,78,48.0,4.0,1.0,0
9,56,58.5,10.0,3.0,0
56,28,10.99,8.0,6.0,0
211,28,42.99,2.0,146.0,0
335,28,43.99,10.0,20.0,0
361,28,29.95,10.0,46.0,0
59,40,34.87,10.0,27.0,0
181,40,15.99,22.0,18.0,0
282,28,28.0,10.0,78.0,0
145,28,16.99,10.0,111.0,0
237,40,18.0,5.0,75.0,0
361,28,29.99,7.0,98.0,0
317,40,17.79,15.0,2177.0,0
357,40,33.0,6.0,36.0,0
366,94,22.48,10.0,30.0,0
211,28,49.99,8.0,53.0,0
113,40,24.99,10.0,62.0,0
96,28,27.5,9.0,12.0,0
303,28,45.93,153.0,417.0,0
154,28,4.95,10.0,287.0,0
275,28,105.95,2.0,22.0,0
58,28,26.0,5.0,5.0,0
63,40,22.53,34.0,82.0,0
183,28,26.15,52.0,1386.0,0
27,28,39.45,10.0,183.0,0
214,78,29.99,10.0,432.0,0
153,28,15.99,10.0,154.0,0
34,28,14.99,10.0,80.0,0
27,28,20.71,100.0,290.0,0
234,40,21.0,8.0,4.0,0
369,40,53.99,10.0,137.0,0
328,78,37.0,10.0,12.0,0
317,40,23.98,15.0,1678.0,0
190,25,11.99,10.0,58.0,0
102,28,28.99,3.0,379.0,0
145,28,25.95,10.0,3.0,0
335,28,6.99,500.0,170.0,0
64,28,25.56,10.0,460.0,0
35,28,53.99,6.0,12.0,0
355,28,103.99,2.0,45.0,0
145,28,72.72,5.0,27.0,0
211,28,49.99,6.0,10.0,0
35,28,59.99,4.0,23.0,0
86,28,12.99,10.0,52.0,0
48,40,27.99,10.0,57.0,0
337,40,15.89,6.0,135.0,0
357,28,54.9,72.0,1224.0,0
139,62,19.98,8.0,144.0,0
369,28,7.5,10.0,171.0,0
369,28,67.49,10.0,38.0,0
357,28,58.99,10.0,32.0,0
361,28,30.99,10.0,26.0,0
99,40,43.3,10.0,4845.0,0
211,28,32.99,10.0,65.0,0
103,28,20.0,6.0,24.0,0
136,39,22.97,24.0,591.0,0
78,32,66.69,8.0,6.0,0
369,28,44.99,6.0,5.0,0
185,39,31.14,25.0,2503.0,0
211,28,67.98,10.0,705.0,0
122,28,29.49,6.0,27.0,0
251,62,26.95,3.0,4.0,0
120,40,10.0,10.0,50.0,0
82,28,37.96,10.0,116.0,0
187,25,79.99,7.0,9.0,0
6,28,8.0,10.0,34.0,0
120,40,42.9,3.0,8.0,0
58,28,134.5,3.0,49.0,0
237,40,58.98,10.0,3088.0,0
58,28,9.89,5.0,258.0,0
68,40,24.0,10.0,0.0,0
82,28,34.33,10.0,767.0,0
357,65,54.51,3.0,20.0,0
82,28,48.99,10.0,7.0,0
26,28,30.49,6.0,18.0,0
144,28,38.69,10.0,3.0,0
295,78,49.99,10.0,35.0,0
64,28,10.35,10.0,182.0,0
103,28,20.0,4.0,47.0,0
148,28,21.9,7.0,4.0,0
211,28,42.99,10.0,17.0,0
361,28,29.9,6.0,9.0,0
293,78,22.45,5.0,2.0,0
285,78,25.46,10.0,58.0,0
211,28,37.99,10.0,77.0,0
279,75,24.0,10.0,9.0,0
348,78,55.88,10.0,2.0,0
328,28,13.95,7.0,22.0,0
202,28,100.0,10.0,12.0,0
308,28,12.49,5.0,10.0,0
95,40,74.99,8.0,28.0,0
115,28,13.44,3.0,30.0,0
26,28,35.99,9.0,49.0,0
211,28,44.99,5.0,14.0,0
303,28,44.99,7.0,3.0,0
187,78,73.99,7.0,52.0,0
271,28,34.85,10.0,545.0,0
26,28,38.99,9.0,23.0,0
90,25,25.99,3.0,17.0,0
165,28,47.66,10.0,119.0,0
165,40,58.08,10.0,278.0,0
363,28,108.99,9.0,11.0,0
187,25,59.99,5.0,36.0,0
102,28,29.99,6.0,26.0,0
246,66,299.99,10.0,92.0,0
357,40,52.79,10.0,23.0,0
357,40,33.0,5.0,18.0,0
26,65,53.57,3.0,10.0,0
202,28,100.99,10.0,15.0,0
65,28,49.99,6.0,35.0,0
103,28,20.0,8.0,22.0,0
299,40,48.9,10.0,33.0,0
99,28,58.69,10.0,23.0,0
203,28,9.49,5.0,491.0,0
64,8,18.88,10.0,2002.0,0
322,19,49.99,10.0,11.0,0
355,28,84.97,10.0,146.0,0
21,40,69.89,6.0,24.0,0
264,28,125.0,6.0,6.0,0
138,78,36.99,10.0,31.0,0
86,28,275.0,10.0,4.0,0
187,25,76.99,9.0,1.0,0
103,78,22.99,9.0,39.0,0
361,62,24.95,10.0,54.0,0
349,78,13.5,4.0,145.0,0
298,28,88.0,2.0,13.0,0
231,65,15.97,3.0,13.0,0
187,25,16.98,10.0,27.0,0
64,28,22.99,10.0,7.0,0
191,28,18.95,10.0,34.0,0
231,65,27.89,3.0,8.0,0
3,40,34.99,2.0,8.0,0
11,28,33.75,10.0,10.0,0
153,28,87.52,10.0,188.0,0
22,40,19.73,10.0,107.0,0
58,28,17.89,10.0,360.0,0
361,28,99.99,6.0,3.0,0
279,28,99.99,10.0,7.0,0
35,40,59.99,10.0,11.0,0
185,39,37.02,25.0,1926.0,0
349,54,12.95,10.0,42.0,0
56,40,24.99,4.0,21.0,0
113,40,36.94,7.0,233.0,0
369,28,39.95,10.0,3.0,0
279,28,89.99,5.0,6.0,0
101,28,34.76,10.0,144.0,0
65,28,90.0,10.0,75.0,0
101,40,27.99,2.0,8.0,0
233,40,48.88,10.0,4.0,0
324,28,59.98,10.0,5.0,0
357,40,39.55,10.0,1059.0,0
237,28,65.95,10.0,150.0,0
148,39,63.25,86.0,116.0,0
145,28,50.99,10.0,27.0,0
131,93,44.99,10.0,2.0,0
357,40,18.81,4.0,1960.0,0
27,65,26.31,3.0,20.0,0
298,28,35.99,6.0,13.0,0
190,25,11.94,82.0,1286.0,0
361,28,28.0,4.0,5.0,0
187,78,49.99,9.0,13.0,0
187,25,79.99,6.0,4.0,0
39,78,55.0,6.0,12.0,0
231,28,39.99,23.0,48.0,0
290,40,32.99,4.0,9.0,0
115,23,17.0,10.0,0.0,0
187,25,66.95,10.0,6.0,0
65,28,51.99,8.0,12.0,0
264,28,34.99,10.0,26.0,0
206,28,48.93,10.0,37.0,0
68,28,27.0,2.0,8.0,0
8,28,29.95,4.0,40.0,0
357,28,45.98,10.0,5166.0,0
192,28,11.99,10.0,19.0,0
191,91,5.65,6.0,178.0,0
101,40,53.99,9.0,3.0,0
81,78,8.34,10.0,409.0,0
222,28,84.0,10.0,0.0,0
341,40,11.95,8.0,14.0,0
101,28,45.11,3.0,5.0,0
101,40,28.85,7.0,82.0,0
219,40,22.23,10.0,3584.0,0
211,28,74.99,10.0,160.0,0
44,28,20.3,6.0,998.0,0
221,28,39.82,10.0,2143.0,0
258,28,55.66,23.0,268.0,0
122,28,42.69,10.0,868.0,0
56,28,22.36,46.0,177.0,0
101,40,38.0,10.0,11.0,0
173,40,31.87,6.0,258.0,0
263,78,29.5,5.0,7.0,0
279,28,8.99,5.0,126.0,0
33,40,32.99,4.0,14.0,0
335,28,76.34,3.0,92.0,0
352,95,29.99,10.0,0.0,0
357,40,37.63,12.0,1909.0,0
317,28,29.25,56.0,1347.0,0
79,78,23.89,10.0,1.0,0
357,54,9.39,10.0,336.0,0
369,28,34.99,6.0,18.0,0
21,65,32.39,3.0,4.0,0
101,40,29.75,9.0,108.0,0
185,39,36.94,214.0,30.0,0
148,40,94.99,2.0,4.0,0
369,28,36.68,10.0,5.0,0
145,28,41.99,2.0,3.0,0
214,78,7.2,10.0,128.0,0
65,28,139.99,3.0,43.0,0
43,28,79.95,3.0,1.0,0
211,28,69.99,4.0,23.0,0
187,25,99.0,2.0,2.0,0
211,28,44.99,10.0,9.0,0
26,28,29.6,6.0,20.0,0
240,14,28.0,10.0,6.0,0
233,40,48.88,10.0,48.0,0
120,42,38.01,10.0,32.0,0
201,28,38.0,10.0,8.0,0
26,28,32.0,9.0,10.0,0
58,28,95.0,10.0,0.0,0
158,28,150.0,10.0,62.0,0
185,28,58.62,10.0,48.0,0
195,39,20.93,10.0,243.0,0
95,40,85.67,10.0,85.0,0
237,40,74.99,10.0,13.0,0
349,78,8.99,10.0,120.0,0
58,40,49.99,10.0,22.0,0
187,25,86.99,4.0,6.0,0
71,28,67.14,4.0,124.0,0
99,40,52.38,10.0,27.0,0
103,28,22.0,10.0,18.0,0
187,25,86.99,5.0,5.0,0
192,28,54.95,10.0,18.0,0
68,40,115.22,8.0,5.0,0
180,28,29.66,10.0,163.0,0
58,28,11.49,10.0,20.0,0
56,28,19.75,4.0,194.0,0
40,25,16.95,10.0,90.0,0
78,28,23.89,7.0,82.0,0
153,30,52.99,10.0,4.0,0
99,40,65.55,10.0,1355.0,0
192,28,56.99,2.0,2.0,0
211,28,49.99,10.0,22.0,0
303,87,28.4,10.0,65.0,0
113,28,16.82,111.0,662.0,0
179,40,58.94,95.0,129.0,0
65,28,24.99,6.0,55.0,0
148,40,45.98,10.0,425.0,0
361,71,18.5,5.0,2.0,0
89,28,12.15,6.0,533.0,0
65,28,89.99,10.0,285.0,0
76,81,13.12,10.0,96.0,0
40,78,16.89,10.0,177.0,0
274,78,14.9,10.0,56.0,0
95,40,19.48,10.0,4.0,0
59,40,33.86,8.0,18.0,0
187,25,16.99,10.0,39.0,0
59,28,24.5,10.0,18.0,0
357,40,38.99,10.0,19.0,0
258,28,65.5,10.0,46.0,0
171,28,29.79,10.0,541.0,0
101,28,50.22,8.0,380.0,0
259,65,31.01,3.0,6.0,0
103,15,22.99,10.0,23.0,0
73,28,22.9,10.0,3510.0,0
235,28,55.99,10.0,25.0,0
323,78,14.95,10.0,0.0,0
122,28,23.99,8.0,26.0,0
237,40,39.99,5.0,32.0,0
183,62,10.98,10.0,279.0,0
101,28,41.34,2.0,171.0,0
46,78,50.0,3.0,3.0,0
202,28,9.9,6.0,2.0,0
102,28,29.95,8.0,1239.0,0
120,78,54.9,10.0,10.0,0
304,65,18.79,3.0,5.0,0
173,40,21.0,3.0,2.0,0
79,78,34.17,10.0,349.0,0
334,40,19.3,10.0,10.0,0
148,28,70.0,6.0,6.0,0
127,40,40.99,10.0,14.0,0
294,84,33.5,10.0,11.0,0
185,28,28.18,10.0,131.0,0
309,75,23.99,10.0,95.0,0
201,74,25.99,10.0,49.0,0
214,78,9.99,7.0,13.0,0
246,71,29.99,10.0,283.0,0
111,28,10.99,10.0,104.0,0
272,40,43.39,10.0,678.0,0
153,28,84.98,10.0,272.0,0
82,28,30.99,5.0,68.0,0
361,28,55.0,2.0,8.0,0
219,28,54.0,10.0,163.0,0
260,40,24.99,3.0,25.0,0
13,28,39.99,10.0,79.0,0
58,28,10.0,10.0,150.0,0
109,65,34.77,3.0,4.0,0
355,78,20.95,7.0,238.0,0
324,78,16.99,10.0,14.0,0
158,28,28.99,6.0,42.0,0
40,14,16.89,10.0,179.0,0
68,28,16.99,3.0,1.0,0
6,28,11.89,5.0,16.0,0
195,62,13.75,5.0,221.0,0
191,28,12.0,8.0,10.0,0
369,28,35.88,8.0,3.0,0
357,28,92.95,5.0,34.0,0
33,28,64.88,10.0,22.0,0
349,28,13.99,10.0,5.0,0
357,40,44.95,107.0,32.0,0
279,28,100.99,10.0,17.0,0
187,25,79.99,9.0,7.0,0
26,28,29.53,50.0,856.0,0
279,28,80.0,10.0,2.0,0
153,40,64.58,10.0,275.0,0
46,60,23.95,5.0,23.0,0
92,40,20.87,10.0,4936.0,0
339,28,11.49,10.0,64.0,0
335,28,39.0,4.0,175.0,0
122,28,22.55,3.0,15.0,0
321,78,23.99,10.0,4.0,0
33,37,124.99,10.0,3.0,0
58,28,13.0,10.0,0.0,0
65,28,44.97,9.0,2.0,0
369,28,38.69,10.0,11.0,0
211,28,43.99,10.0,29.0,0
28,25,32.99,10.0,472.0,0
303,40,47.69,41.0,269.0,0
97,28,14.95,19.0,5.0,0
350,40,24.99,10.0,79.0,0
230,78,22.09,10.0,41.0,0
64,28,24.65,10.0,615.0,0
101,28,50.75,3.0,29.0,0
364,28,19.99,10.0,177.0,0
40,28,13.89,10.0,157.0,0
235,28,57.85,33.0,58.0,0
349,1,30.96,2.0,3.0,0
192,39,53.99,3.0,117.0,0
282,28,14.99,4.0,51.0,0
95,28,84.99,10.0,116.0,1
33,28,109.99,8.0,48.0,1
349,40,100.0,10.0,27.0,1
145,40,44.99,2.0,159.0,1
214,65,16.91,10.0,156.0,1
261,78,14.99,10.0,79.0,1
231,28,30.99,9.0,39.0,1
349,28,85.0,10.0,6.0,1
349,0,15.89,10.0,17.0,1
153,28,49.99,8.0,68.0,1
303,40,34.99,10.0,615.0,1
101,40,29.95,7.0,458.0,1
320,78,15.99,10.0,889.0,1
33,28,59.99,9.0,63.0,1
357,40,34.99,7.0,136.0,1
275,75,68.99,2.0,20.0,1
152,28,37.99,10.0,44.0,1
27,40,29.99,5.0,384.0,1
65,40,39.99,10.0,236.0,1
95,40,83.95,4.0,22.0,1
99,40,29.94,10.0,9208.0,1
79,40,21.99,4.0,86.0,1
104,65,49.99,3.0,187.0,1
8,28,33.7,10.0,131.0,1
357,40,35.99,2.0,43.0,1
42,75,89.97,10.0,920.0,1
349,28,92.99,5.0,19.0,1
42,28,87.99,2.0,4.0,1
145,28,119.99,10.0,34.0,1
284,28,99.99,10.0,30.0,1
50,28,51.91,4.0,47.0,1
275,40,49.99,8.0,170.0,1
27,40,32.85,10.0,8385.0,1
355,40,89.97,10.0,295.0,1
157,40,16.98,620.0,2345.0,1
259,40,32.89,383.0,5032.0,1
304,28,45.11,10.0,258.0,1
231,65,19.73,10.0,55.0,1
27,28,39.99,8.0,276.0,1
64,40,40.6,10.0,5582.0,1
353,40,54.99,10.0,8.0,1
275,40,40.99,10.0,37.0,1
27,28,34.84,10.0,4460.0,1
148,40,34.72,71.0,627.0,1
42,40,46.33,10.0,30655.0,1
27,28,39.0,3.0,24.0,1
214,28,21.54,96.0,989.0,1
297,40,32.97,756.0,5023.0,1
303,40,23.34,452.0,972.0,1
62,40,28.75,10.0,12739.0,1
188,40,27.94,161.0,485.0,1
8,28,32.5,5.0,372.0,1
266,40,14.99,3.0,291.0,1
145,40,45.95,5.0,578.0,1
145,28,68.99,2.0,99.0,1
31,28,69.99,56.0,44.0,1
320,78,13.99,10.0,290.0,1
357,40,36.88,10.0,19899.0,1
198,40,24.7,10.0,12865.0,1
341,40,26.11,4.0,12184.0,1
349,78,14.99,10.0,172.0,1
0,16,6.65,9.0,18882.0,1
95,28,25.99,6.0,1332.0,1
369,70,60.99,2.0,35.0,1
369,28,47.88,10.0,25.0,1
64,40,31.08,842.0,1362.0,1
27,65,24.43,10.0,110.0,1
357,40,35.99,5.0,221.0,1
304,28,25.99,10.0,3.0,1
303,40,38.57,484.0,1503.0,1
42,40,24.45,10.0,1691.0,1
42,40,16.26,12.0,644.0,1
303,40,22.5,10.0,2.0,1
214,65,15.03,3.0,44.0,1
357,40,8.32,322.0,417.0,1
145,40,37.8,8.0,300.0,1
64,40,23.56,10.0,24048.0,1
157,40,27.59,323.0,4972.0,1
303,40,26.5,3.0,3.0,1
101,28,35.71,3.0,36.0,1
349,78,15.99,10.0,594.0,1
64,95,23.89,10.0,54052.0,1
83,28,10.99,10.0,179.0,1
145,28,70.99,2.0,52.0,1
349,78,16.99,10.0,404.0,1
35,28,126.99,10.0,32.0,1
312,65,159.99,10.0,30.0,1
243,96,39.95,10.0,353.0,1
254,40,13.66,10.0,552.0,1
65,40,54.99,10.0,780.0,1
349,78,14.99,10.0,358.0,1
1,25,29.99,9.0,87.0,1
355,40,89.99,6.0,23.0,1
33,28,109.99,3.0,24.0,1
369,28,92.56,10.0,2293.0,1
349,0,15.89,6.0,8.0,1
145,40,59.99,10.0,14.0,1
83,78,85.0,4.0,42.0,1
349,40,13.86,10.0,1146.0,1
260,28,29.99,5.0,17.0,1
266,40,17.99,3.0,324.0,1
355,40,79.99,10.0,316.0,1
33,28,69.99,10.0,157.0,1
95,28,84.99,5.0,73.0,1
35,28,49.99,5.0,45.0,1
1,25,33.95,8.0,464.0,1
297,40,24.5,2.0,4.0,1
275,40,49.96,6.0,19.0,1
303,40,34.99,7.0,225.0,1
42,40,26.97,33.0,424.0,1
372,100,54.99,2.0,22.0,1
357,40,30.0,2.0,270.0,1
31,28,189.99,2.0,32.0,1
327,56,125.0,10.0,28.0,1
303,40,29.99,8.0,169.0,1
275,40,28.91,48.0,849.0,1
349,78,15.99,10.0,14.0,1
141,40,25.43,116.0,1925.0,1
99,28,11.0,10.0,702.0,1
74,75,161.99,10.0,129.0,1
101,28,40.99,10.0,16.0,1
165,40,58.99,10.0,3.0,1
35,40,48.99,10.0,101.0,1
94,40,17.0,6.0,147.0,1
101,28,65.97,10.0,37.0,1
207,40,36.68,10.0,9.0,1
275,40,49.99,10.0,165.0,1
103,28,20.0,8.0,23.0,1
58,65,77.07,3.0,55.0,1
145,40,64.99,10.0,235.0,1
369,75,59.99,3.0,20.0,1
1,25,39.99,3.0,275.0,1
101,40,36.99,2.0,98.0,1
247,28,79.99,6.0,18.0,1
370,28,37.5,10.0,30.0,1
24,40,21.01,272.0,2486.0,1
320,78,6.97,10.0,803.0,1
369,31,65.68,10.0,11.0,1
33,95,89.99,5.0,5.0,1
179,40,51.99,10.0,73.0,1
165,28,28.99,10.0,23.0,1
369,70,60.99,2.0,27.0,1
92,40,34.98,10.0,849.0,1
92,40,25.49,4.0,64.0,1
297,40,41.99,2.0,38.0,1
32,28,99.99,4.0,8.0,1
27,28,27.3,10.0,179.0,1
349,78,48.0,10.0,7.0,1
59,40,45.68,10.0,5.0,1
74,28,159.99,10.0,160.0,1
349,78,17.99,10.0,3.0,1
303,40,35.99,10.0,4520.0,1
103,28,20.0,10.0,0.0,1
279,28,82.99,3.0,5.0,1
320,83,11.99,10.0,11.0,1
317,40,32.99,10.0,10.0,1
145,40,28.99,9.0,111.0,1
259,65,35.71,3.0,30.0,1
27,28,39.99,3.0,76.0,1
145,40,29.99,10.0,410.0,1
25,65,17.85,3.0,29.0,1
194,40,16.91,6.0,825.0,1
145,28,69.99,2.0,81.0,1
92,40,38.24,10.0,13549.0,1
175,40,30.99,10.0,866.0,1
319,40,29.99,10.0,471.0,1
32,28,125.99,10.0,15.0,1
367,28,39.99,3.0,9.0,1
99,40,36.36,226.0,771.0,1
1,25,49.99,7.0,916.0,1
266,40,33.45,127.0,1391.0,1
1,3,44.0,2.0,24.0,1
177,40,15.4,224.0,3942.0,1
106,25,13.5,10.0,17.0,1
42,40,27.94,10.0,1140.0,1
259,40,52.62,10.0,5098.0,1
99,40,50.08,10.0,182.0,1
46,25,28.95,10.0,5.0,1
179,40,12.2,10.0,5.0,1
275,40,28.93,44.0,4764.0,1
173,40,54.92,124.0,2465.0,1
297,40,34.99,7.0,17.0,1
64,40,25.98,10.0,1536.0,1
204,59,74.8,10.0,430.0,1
357,40,39.77,10.0,31718.0,1
298,40,86.87,10.0,322.0,1
83,40,10.99,10.0,1044.0,1
145,40,29.99,9.0,204.0,1
357,40,44.94,10.0,21310.0,1
355,28,18.99,10.0,8.0,1
171,40,17.95,10.0,75.0,1
145,40,29.95,6.0,1484.0,1
297,40,36.99,9.0,257.0,1
256,39,36.81,207.0,1234.0,1
103,28,15.0,10.0,12.0,1
303,40,49.99,10.0,243.0,1
50,28,53.99,9.0,512.0,1
340,25,22.98,3.0,18.0,1
256,40,22.24,10.0,1424.0,1
101,40,28.5,6.0,566.0,1
27,28,29.0,3.0,57.0,1
283,25,17.12,310.0,597.0,1
159,65,30.07,3.0,25.0,1
54,28,32.89,3.0,61.0,1
335,40,59.99,10.0,221.0,1
187,68,63.99,2.0,6.0,1
101,40,38.99,5.0,40.0,1
145,40,29.99,6.0,233.0,1
173,40,54.91,10.0,2206.0,1
279,28,124.96,10.0,151.0,1
349,98,49.99,8.0,68.0,1
201,28,54.86,3.0,4.0,1
165,40,99.99,10.0,65.0,1
46,25,35.68,9.0,12.0,1
303,40,44.99,6.0,14.0,1
223,28,21.95,10.0,448.0,1
145,40,29.99,10.0,588.0,1
101,40,63.69,10.0,4733.0,1
86,28,259.09,10.0,456.0,1
244,28,119.99,6.0,13.0,1
164,65,19.73,3.0,20.0,1
303,40,31.99,5.0,56.0,1
101,40,28.79,9.0,45.0,1
132,28,46.99,2.0,3.0,1
357,40,8.84,10.0,9410.0,1
179,28,94.99,10.0,1024.0,1
369,78,94.99,10.0,581.0,1
369,40,70.66,199.0,720.0,1
35,40,52.99,5.0,34.0,1
68,28,129.0,3.0,11.0,1
179,40,51.99,10.0,248.0,1
312,66,202.95,2.0,18.0,1
231,65,19.73,3.0,18.0,1
209,28,57.46,10.0,202.0,1
179,40,45.49,2.0,116.0,1
284,40,55.0,4.0,1.0,1
95,40,84.99,9.0,16.0,1
219,40,27.03,101.0,1337.0,1
59,40,45.69,8.0,31.0,1
349,78,12.98,10.0,103.0,1
60,28,25.7,10.0,72.0,1
145,40,45.99,10.0,101.0,1
275,40,47.99,10.0,8877.0,1
297,40,32.0,4.0,445.0,1
189,65,38.53,3.0,33.0,1
357,40,37.99,10.0,26.0,1
68,75,13.89,3.0,239.0,1
35,40,49.99,5.0,24.0,1
330,65,28.65,3.0,9.0,1
103,28,29.0,10.0,19.0,1
33,40,35.99,10.0,51.0,1
275,40,39.99,10.0,16.0,1
303,40,31.99,6.0,44.0,1
357,28,36.99,9.0,37.0,1
349,28,54.99,2.0,6.0,1
349,64,15.99,10.0,62.0,1
275,40,39.99,10.0,118.0,1
99,28,69.02,10.0,370.0,1
103,28,22.99,10.0,52.0,1
41,12,11.99,5.0,15.0,1
101,40,29.99,7.0,51.0,1
42,40,18.1,84.0,210.0,1
64,40,28.99,10.0,124.0,1
369,40,57.17,7.0,210.0,1
34,40,9.61,10.0,17.0,1
275,40,39.99,3.0,3.0,1
145,28,138.99,4.0,6.0,1
303,40,44.49,5.0,4.0,1
8,65,23.49,3.0,14.0,1
145,40,29.99,10.0,179.0,1
303,40,22.99,6.0,14.0,1
357,66,29.19,10.0,1787.0,1
222,40,16.39,31.0,1630.0,1
205,78,79.99,7.0,43.0,1
320,78,7.96,10.0,38.0,1
275,75,69.99,9.0,2.0,1
179,46,92.0,3.0,37.0,1
65,40,39.99,6.0,25.0,1
35,28,49.99,5.0,43.0,1
8,28,25.86,13.0,55.0,1
99,44,16.0,10.0,41.0,1
179,40,92.0,3.0,29.0,1
303,28,89.25,10.0,39.0,1
95,40,84.99,9.0,13.0,1
58,40,28.25,10.0,12583.0,1
145,28,15.99,10.0,20.0,1
95,40,84.99,10.0,51.0,1
1,25,38.99,10.0,919.0,1
315,14,25.0,4.0,22.0,1
349,40,39.99,5.0,18.0,1
145,28,19.95,10.0,6.0,1
313,28,129.99,6.0,25.0,1
341,40,31.99,10.0,40.0,1
86,28,15.99,10.0,655.0,1
369,28,46.48,8.0,7.0,1
214,28,18.99,10.0,139.0,1
339,28,116.54,10.0,262.0,1
223,28,22.95,9.0,647.0,1
50,78,71.49,4.0,31.0,1
92,40,24.49,4.0,71.0,1
349,78,15.99,10.0,7.0,1
303,40,34.99,10.0,457.0,1
83,25,41.99,10.0,15.0,1
13,28,35.0,10.0,36.0,1
165,28,8.49,5.0,131.0,1
303,40,31.99,10.0,103.0,1
153,28,49.99,10.0,78.0,1
189,65,23.49,10.0,29.0,1
58,40,30.95,6.0,36.0,1
24,40,19.99,3.0,8.0,1
229,28,19.99,10.0,122.0,1
49,28,29.12,10.0,5145.0,1
357,40,39.99,3.0,4.0,1
145,40,38.25,10.0,363.0,1
145,40,48.95,10.0,969.0,1
42,28,93.05,3.0,21.0,1
355,40,36.99,10.0,32.0,1
27,28,27.5,10.0,427.0,1
82,40,36.15,487.0,7592.0,1
303,40,44.99,10.0,27.0,1
84,14,16.9,4.0,34.0,1
42,28,9.99,10.0,19.0,1
64,40,19.99,3.0,4.0,1
27,28,43.45,10.0,955.0,1
340,25,31.95,2.0,10.0,1
50,28,78.99,10.0,142.0,1
214,28,25.79,3.0,11.0,1
212,40,17.99,138.0,1955.0,1
369,70,60.99,2.0,16.0,1
357,40,41.98,66.0,4234.0,1
31,78,124.99,4.0,13.0,1
83,40,19.9,10.0,294.0,1
317,40,23.0,6.0,9.0,1
33,28,49.99,8.0,25.0,1
8,28,37.89,10.0,1242.0,1
27,40,21.15,95.0,739.0,1
148,41,59.0,10.0,601.0,1
259,40,25.81,95.0,1424.0,1
77,78,180.0,10.0,9.0,1
86,28,160.91,10.0,386.0,1
357,40,23.49,3.0,25.0,1
145,75,25.95,10.0,280.0,1
369,40,144.99,10.0,145.0,1
27,28,38.97,10.0,4.0,1
64,40,32.98,10.0,4427.0,1
219,27,33.99,155.0,6634.0,1
256,28,62.09,10.0,125.0,1
268,40,12.23,10.0,1128.0,1
259,28,31.29,40.0,349.0,1
369,40,69.55,3.0,16.0,1
209,40,26.52,10.0,1866.0,1
349,78,14.6,5.0,94.0,1
225,56,66.0,10.0,21.0,1
362,28,86.72,10.0,1296.0,1
283,57,26.1,4.0,4934.0,1
303,40,28.2,8.0,24.0,1
175,40,27.4,52.0,397.0,1
362,40,17.98,10.0,66.0,1
311,40,24.55,23.0,433.0,1
298,28,90.44,10.0,587.0,1
303,40,36.99,5.0,7.0,1
75,25,17.89,10.0,2256.0,1
307,78,85.2,4.0,73.0,1
275,40,108.98,3.0,33.0,1
146,40,16.04,31.0,2817.0,1
369,40,45.98,7.0,343.0,1
298,40,84.73,10.0,2774.0,1
145,28,69.99,8.0,35.0,1
304,28,45.0,8.0,37.0,1
145,40,48.95,10.0,121.0,1
68,40,10.7,5.0,163.0,1
145,40,27.1,8.0,28.0,1
33,40,29.99,10.0,92.0,1
86,28,212.89,10.0,53.0,1
369,40,71.98,10.0,2153.0,1
95,40,89.98,8.0,1243.0,1
34,40,43.47,10.0,34.0,1
262,40,9.98,36.0,8453.0,1
214,28,24.4,50.0,14.0,1
13,28,50.0,10.0,19.0,1
190,25,10.19,44.0,330.0,1
85,24,9.21,5.0,72.0,1
304,28,16.97,10.0,16.0,1
145,28,78.99,10.0,743.0,1
64,40,19.16,72.0,348.0,1
257,40,33.5,10.0,1511.0,1
205,78,79.99,9.0,15.0,1
347,40,22.0,49.0,1.0,1
118,28,84.99,3.0,7.0,1
68,28,112.49,5.0,15.0,1
65,66,22.79,8.0,7.0,1
165,51,52.99,10.0,117.0,1
349,78,21.99,10.0,2.0,1
27,56,125.0,10.0,2.0,1
1,25,43.49,2.0,3.0,1
49,65,23.49,3.0,6.0,1
42,75,44.0,10.0,83.0,1
232,40,140.0,24.0,6.0,1
275,28,74.99,2.0,60.0,1
214,28,26.99,9.0,75.0,1
303,28,52.97,10.0,1683.0,1
27,28,22.61,52.0,619.0,1
145,28,72.99,6.0,235.0,1
134,65,27.99,3.0,1.0,1
275,28,17.98,10.0,50.0,1
179,28,169.0,10.0,0.0,1
46,25,27.94,10.0,717.0,1
179,28,12.95,10.0,594.0,1
214,28,23.99,10.0,10.0,1
369,28,24.99,12.0,6.0,1
59,40,49.99,2.0,3.0,1
42,40,26.0,92.0,1337.0,1
145,78,90.44,10.0,1.0,1
18,28,47.99,10.0,13.0,1
35,40,40.99,10.0,17.0,1
101,40,33.99,10.0,573.0,1
320,78,10.99,10.0,35.0,1
207,40,47.34,4.0,14.0,1
83,40,28.99,5.0,111.0,1
82,66,34.99,10.0,9.0,1
40,78,13.94,10.0,66.0,1
1,25,44.99,6.0,38.0,1
64,40,28.02,10.0,5377.0,1
349,78,49.99,10.0,45.0,1
368,40,19.75,82.0,7253.0,1
145,40,28.99,10.0,10.0,1
68,40,22.0,10.0,286.0,1
165,51,39.99,10.0,40.0,1
304,28,53.99,12.0,140.0,1
35,40,49.63,10.0,5.0,1
218,75,65.5,10.0,21.0,1
199,40,22.99,10.0,31.0,1
27,39,36.95,36.0,109.0,1
53,28,17.98,10.0,12.0,1
349,28,16.99,10.0,22.0,1
303,40,17.34,10.0,460.0,1
349,78,13.0,7.0,11.0,1
179,40,114.99,10.0,539.0,1
27,28,29.99,3.0,7.0,1
8,65,19.73,3.0,5.0,1
3,25,69.97,5.0,244.0,1
207,40,31.95,10.0,12.0,1
58,40,59.99,8.0,39.0,1
35,28,69.99,4.0,11.0,1
30,40,34.68,8.0,2.0,1
27,75,56.95,10.0,700.0,1
303,40,36.99,6.0,39.0,1
155,25,100.0,3.0,1.0,1
33,28,39.99,8.0,10.0,1
83,78,88.0,5.0,5.0,1
11,65,38.53,3.0,12.0,1
349,28,25.99,10.0,38.0,1
148,40,39.95,13.0,178.0,1
259,28,62.08,10.0,950.0,1
103,28,20.0,10.0,16.0,1
303,28,53.98,10.0,869.0,1
145,40,51.99,8.0,111.0,1
279,28,155.65,10.0,593.0,1
1,25,24.99,10.0,18.0,1
165,40,99.98,10.0,740.0,1
65,66,88.65,10.0,40.0,1
65,40,153.0,10.0,23.0,1
314,28,79.99,7.0,13.0,1
264,28,59.09,10.0,432.0,1
58,40,7.95,5.0,254.0,1
312,28,109.99,8.0,26.0,1
275,65,68.61,3.0,10.0,1
92,12,12.49,7.0,17.0,1
118,40,71.98,10.0,1333.0,1
369,40,70.65,10.0,4802.0,1
342,78,139.99,10.0,4.0,1
65,40,39.99,10.0,52.0,1
179,40,48.99,10.0,30.0,1
297,40,33.99,8.0,89.0,1
357,40,66.39,62.0,1819.0,1
92,40,26.9,10.0,264.0,1
275,40,16.48,10.0,16.0,1
27,28,65.0,10.0,485.0,1
65,40,39.99,10.0,19.0,1
262,40,9.21,202.0,3093.0,1
57,40,13.89,9.0,48.0,1
27,28,45.0,10.0,150.0,1
64,40,21.95,3.0,189.0,1
284,28,71.99,5.0,3.0,1
107,40,20.25,311.0,6633.0,1
275,40,17.98,10.0,4.0,1
341,40,9.95,5.0,269.0,1
167,25,28.97,9.0,12.0,1
175,40,28.11,7.0,542.0,1
129,48,16.85,4.0,16.0,1
355,40,103.98,10.0,350.0,1
82,40,39.99,13.0,35.0,1
95,22,89.99,7.0,129.0,1
275,28,140.0,10.0,2.0,1
171,28,52.99,10.0,7.0,1
282,40,25.49,16.0,2093.0,1
101,40,33.37,5.0,400.0,1
275,40,64.99,10.0,313.0,1
145,40,39.99,8.0,26.0,1
198,40,24.15,10.0,14.0,1
349,78,35.99,5.0,27.0,1
64,28,21.27,10.0,30.0,1
188,28,79.99,10.0,17.0,1
101,40,29.99,6.0,10.0,1
145,40,38.25,5.0,8.0,1
33,40,49.99,20.0,15.0,1
163,78,139.99,4.0,46.0,1
1,25,49.49,10.0,463.0,1
319,40,24.99,10.0,116.0,1
303,25,53.99,129.0,229.0,1
153,28,68.99,8.0,248.0,1
82,40,29.99,10.0,286.0,1
320,78,11.99,10.0,51.0,1
82,40,41.99,15.0,248.0,1
369,28,84.59,3.0,19.0,1
355,40,75.99,2.0,8.0,1
65,40,39.99,10.0,207.0,1
165,40,64.88,16.0,292.0,1
275,40,49.99,5.0,21.0,1
340,25,32.62,10.0,242.0,1
297,28,37.59,10.0,78.0,1
303,40,29.46,10.0,43.0,1
194,40,25.1,10.0,5076.0,1
145,40,29.99,9.0,6.0,1
303,40,31.99,9.0,35.0,1
207,40,32.5,40.0,634.0,1
145,40,48.95,6.0,40.0,1
275,40,84.6,10.0,111.0,1
209,28,27.25,3.0,24.0,1
145,40,27.5,3.0,18.0,1
8,28,24.43,3.0,16.0,1
145,75,128.99,10.0,9.0,1
157,19,15.95,10.0,257.0,1
362,40,68.99,7.0,27.0,1
370,28,58.95,5.0,12.0,1
27,28,33.99,22.0,2.0,1
252,28,34.99,8.0,4.0,1
173,40,26.95,4.0,5.0,1
200,40,47.99,10.0,165.0,1
242,40,49.81,3.0,15.0,1
33,40,35.99,10.0,46.0,1
27,18,62.99,3.0,61.0,1
369,78,25.95,10.0,2.0,1
209,28,28.19,3.0,10.0,1
219,43,17.02,73.0,3823.0,1
148,51,44.99,10.0,32.0,1
349,78,15.99,10.0,136.0,1
64,3,23.79,5.0,83.0,1
145,40,54.99,10.0,384.0,1
275,40,36.65,3.0,11.0,1
188,40,33.36,4.0,453.0,1
303,40,54.52,51.0,143.0,1
260,40,22.87,74.0,440.0,1
145,25,129.99,10.0,14.0,1
303,40,72.56,10.0,3171.0,1
42,40,18.96,10.0,1034.0,1
84,40,9.99,7.0,103.0,1
95,40,67.99,5.0,28.0,1
135,65,17.85,3.0,6.0,1
198,40,28.42,60.0,731.0,1
255,65,30.07,3.0,12.0,1
160,25,15.51,113.0,4443.0,1
83,40,38.94,66.0,2247.0,1
275,28,68.99,6.0,59.0,1
349,25,18.0,5.0,3.0,1
367,28,49.99,10.0,12.0,1
298,40,76.5,2.0,8.0,1
352,28,55.16,10.0,3110.0,1
45,25,28.38,4.0,1433.0,1
275,76,11.95,10.0,18.0,1
145,28,27.0,6.0,5.0,1
219,25,17.29,226.0,1370.0,1
5,40,11.58,10.0,17.0,1
298,40,79.99,5.0,1.0,1
27,28,28.8,10.0,712.0,1
153,28,74.25,3.0,16.0,1
298,28,90.45,3.0,19.0,1
101,28,28.95,10.0,81.0,1
154,40,94.99,3.0,24.0,1
198,40,24.14,10.0,9265.0,1
177,40,15.65,93.0,2777.0,1
55,78,17.99,13.0,1.0,1
145,28,79.89,3.0,15.0,1
279,28,13.95,7.0,41.0,1
145,66,94.43,10.0,98.0,1
219,25,16.71,83.0,7816.0,1
101,40,27.99,10.0,9.0,1
79,28,17.98,10.0,40.0,1
101,28,119.99,6.0,21.0,1
2,40,15.99,9.0,78.0,1
369,40,75.99,10.0,19.0,1
83,40,14.99,7.0,72.0,1
307,40,25.96,10.0,214.0,1
307,40,22.99,10.0,12.0,1
270,25,19.99,2.0,132.0,1
242,40,38.99,33.0,7.0,1
101,28,75.0,7.0,1.0,1
58,40,30.95,10.0,16.0,1
46,14,59.97,10.0,35.0,1
58,40,32.98,10.0,6188.0,1
298,40,8.88,10.0,21.0,1
101,28,114.99,7.0,13.0,1
254,40,13.68,10.0,105.0,1
216,28,45.7,102.0,420.0,1
275,40,77.15,8.0,293.0,1
362,40,24.98,7.0,8.0,1
252,95,19.89,10.0,21.0,1
60,28,21.8,10.0,7.0,1
145,40,27.9,5.0,157.0,1
369,40,58.95,150.0,545.0,1
86,28,9.99,10.0,141.0,1
369,28,83.99,5.0,5.0,1
349,0,15.89,3.0,8.0,1
65,40,32.13,47.0,85.0,1
80,28,13.0,3.0,14.0,1
339,75,13.05,3.0,9.0,1
362,28,74.92,6.0,116.0,1
256,39,35.62,47.0,454.0,1
145,40,41.99,9.0,132.0,1
1,25,49.99,8.0,376.0,1
33,28,109.99,10.0,5.0,1
304,28,41.95,10.0,7.0,1
64,28,21.27,10.0,112.0,1
27,28,54.26,10.0,2550.0,1
231,28,26.5,10.0,3.0,1
275,40,50.99,6.0,15.0,1
99,39,46.15,36.0,494.0,1
101,31,77.99,33.0,9.0,1
145,28,110.08,10.0,684.0,1
135,65,18.79,2.0,9.0,1
58,40,32.99,2.0,3.0,1
279,28,110.0,10.0,6.0,1
144,40,36.68,9.0,1.0,1
359,28,74.59,10.0,1.0,1
296,40,41.79,2.0,174.0,1
310,40,42.95,10.0,8.0,1
49,28,28.99,13.0,65.0,1
42,28,93.91,10.0,111.0,1
317,40,21.0,4.0,785.0,1
116,39,31.89,15.0,226.0,1
242,40,37.99,4.0,2.0,1
357,28,58.09,10.0,550.0,1
92,40,25.23,10.0,40130.0,1
303,28,43.0,5.0,32.0,1
88,25,16.82,4.0,1992.0,1
284,28,188.99,4.0,1.0,1
118,28,69.99,2.0,6.0,1
317,40,28.19,3.0,23.0,1
198,12,10.99,10.0,368.0,1
94,40,16.99,10.0,28.0,1
275,40,70.08,10.0,1165.0,1
33,28,69.99,10.0,49.0,1
167,25,46.75,7.0,3.0,1
58,28,75.65,10.0,16.0,1
369,28,94.93,3.0,15.0,1
8,28,34.5,2.0,16.0,1
249,28,90.11,10.0,51.0,1
122,25,19.99,3.0,10.0,1
242,40,47.99,10.0,17.0,1
298,28,113.98,10.0,755.0,1
83,28,67.5,4.0,3.0,1
292,40,7.28,10.0,149.0,1
305,14,30.95,13.0,4.0,1
249,28,89.99,4.0,8.0,1
83,78,68.89,4.0,25.0,1
326,28,38.98,10.0,129.0,1
275,40,46.0,59.0,1207.0,1
58,40,32.99,6.0,59.0,1
298,28,181.04,5.0,30.0,1
8,28,38.41,10.0,147.0,1
219,25,17.98,10.0,150.0,1
331,28,16.49,10.0,77.0,1
185,40,31.95,3.0,8.0,1
167,26,26.75,7.0,5.0,1
49,28,29.13,3.0,13.0,1
362,28,74.85,10.0,2.0,1
27,40,28.95,10.0,1306.0,1
213,40,20.25,10.0,24.0,1
239,25,30.0,2.0,24.0,1
157,40,18.91,10.0,5500.0,1
228,40,59.0,5.0,4.0,1
145,28,192.0,7.0,37.0,1
185,40,24.43,3.0,4.0,1
162,85,9.99,10.0,94.0,1
369,28,15.99,6.0,91.0,1
65,40,40.59,53.0,2934.0,1
68,40,89.97,10.0,0.0,1
145,40,44.99,9.0,19.0,1
320,78,6.96,10.0,102.0,1
175,40,37.98,10.0,612.0,1
223,28,18.95,10.0,624.0,1
40,40,19.99,10.0,26.0,1
357,40,45.99,3.0,37.0,1
275,76,86.99,12.0,28.0,1
357,40,19.73,3.0,7.0,1
349,78,13.28,9.0,6.0,1
83,25,35.0,2.0,8.0,1
349,78,16.99,10.0,84.0,1
279,28,34.99,8.0,19.0,1
177,65,13.15,3.0,7.0,1
275,28,64.99,10.0,118.0,1
68,75,11.5,2.0,12.0,1
58,40,28.99,10.0,7.0,1
133,40,14.98,10.0,206.0,1
86,28,13.0,3.0,17.0,1
86,28,11.99,2.0,39.0,1
275,28,104.99,5.0,38.0,1
99,28,75.95,10.0,3.0,1
27,28,19.41,86.0,501.0,1
235,28,13.5,10.0,17.0,1
145,40,29.99,6.0,141.0,1
297,40,38.99,2.0,41.0,1
145,40,46.99,5.0,15.0,1
164,40,14.98,10.0,418.0,1
1,25,44.99,2.0,129.0,1
369,28,9.89,10.0,6.0,1
153,53,15.99,10.0,196.0,1
171,39,65.37,16.0,87.0,1
355,40,59.99,2.0,3.0,1
220,14,38.95,3.0,114.0,1
176,40,13.97,31.0,957.0,1
101,28,239.99,10.0,14.0,1
153,40,53.99,3.0,3.0,1
303,40,29.99,10.0,8.0,1
341,28,44.95,6.0,75.0,1
145,28,79.99,5.0,47.0,1
349,28,13.99,10.0,8.0,1
83,40,25.46,10.0,410.0,1
260,28,35.99,4.0,3.0,1
99,31,7.5,10.0,115.0,1
369,28,129.0,7.0,13.0,1
33,40,47.99,6.0,16.0,1
65,40,59.43,7.0,3691.0,1
99,28,14.95,8.0,79.0,1
303,28,12.99,5.0,5.0,1
275,28,108.0,10.0,10.0,1
126,78,14.7,10.0,119.0,1
355,40,78.99,10.0,27.0,1
288,40,32.95,10.0,217.0,1
275,40,18.99,10.0,38.0,1
66,40,59.63,24.0,48.0,1
171,40,44.93,26.0,2098.0,1
27,40,30.31,10.0,17.0,1
1,25,49.99,10.0,381.0,1
95,52,88.99,5.0,4.0,1
275,97,20.0,7.0,2.0,1
36,4,17.95,10.0,4.0,1
275,40,39.99,7.0,40.0,1
166,28,99.0,8.0,177.0,1
349,78,15.99,10.0,65.0,1
103,28,20.0,10.0,16.0,1
303,40,41.95,7.0,37.0,1
279,28,19.99,4.0,6.0,1
86,28,38.99,10.0,20.0,1
101,28,55.15,5.0,64.0,1
101,28,74.48,10.0,5.0,1
214,65,33.49,3.0,4.0,1
312,25,17.89,5.0,68.0,1
153,40,58.46,10.0,5227.0,1
279,28,91.98,10.0,7.0,1
64,3,17.99,3.0,3.0,1
317,28,69.95,5.0,120.0,1
275,40,135.0,8.0,4.0,1
83,40,35.0,3.0,214.0,1
245,25,21.79,10.0,488.0,1
367,40,38.0,10.0,42.0,1
303,40,34.99,5.0,31.0,1
101,40,53.45,10.0,3787.0,1
275,75,82.99,10.0,2.0,1
355,40,79.99,2.0,11.0,1
298,28,22.99,9.0,1.0,1
8,39,22.15,28.0,196.0,1
297,40,26.55,7.0,15.0,1
93,40,12.6,10.0,229.0,1
53,28,17.98,10.0,9.0,1
339,28,135.49,10.0,64.0,1
367,40,52.99,8.0,60.0,1
207,40,54.5,2.0,1995.0,1
16,28,3.0,39.0,4.0,1
27,39,36.95,19.0,120.0,1
145,40,51.99,9.0,28.0,1
68,40,12.0,2.0,11.0,1
234,40,39.99,10.0,11.0,1
59,28,64.99,10.0,15.0,1
200,40,76.99,10.0,33.0,1
108,40,56.0,3.0,6.0,1
40,40,45.9,10.0,74.0,1
360,28,39.99,3.0,153.0,1
119,28,36.67,10.0,169.0,1
227,40,10.67,57.0,272.0,1
369,40,92.0,10.0,9.0,1
259,65,31.29,3.0,1.0,1
46,14,29.97,4.0,0.0,1
184,40,27.84,10.0,85.0,1
101,40,99.99,6.0,17.0,1
33,28,99.49,10.0,3.0,1
3,25,23.95,10.0,78.0,1
339,63,29.99,10.0,0.0,1
157,40,19.99,3.0,58.0,1
317,40,26.86,37.0,1047.0,1
275,28,74.99,10.0,23.0,1
64,40,31.57,10.0,287.0,1
148,40,39.99,3.0,45.0,1
40,25,51.49,10.0,37.0,1
27,28,29.03,2.0,11.0,1
260,28,39.95,10.0,5.0,1
214,28,25.99,8.0,71.0,1
42,40,18.11,10.0,12.0,1
101,28,124.99,2.0,13.0,1
259,28,52.94,10.0,100.0,1
231,78,29.99,3.0,42.0,1
303,40,32.98,10.0,507.0,1
145,40,29.99,10.0,12.0,1
145,40,37.95,9.0,20.0,1
145,40,29.99,6.0,9.0,1
357,40,20.37,10.0,4569.0,1
303,28,53.99,2.0,16.0,1
275,40,45.99,10.0,2452.0,1
298,40,68.55,10.0,65.0,1
275,40,39.99,5.0,23.0,1
172,78,24.19,15.0,73.0,1
287,40,23.01,5.0,2611.0,1
179,40,136.0,5.0,51.0,1
214,28,16.9,10.0,127.0,1
168,40,68.0,6.0,33.0,1
303,40,25.0,5.0,8.0,1
171,40,50.79,10.0,7506.0,1
214,28,17.18,10.0,65.0,1
287,40,21.91,96.0,1831.0,1
370,28,48.97,4.0,30.0,1
340,25,25.99,6.0,209.0,1
154,25,96.95,2.0,6.0,1
33,28,74.99,2.0,4.0,1
214,28,23.89,9.0,14.0,1
235,28,69.97,8.0,30.0,1
349,78,15.99,10.0,45.0,1
298,40,66.55,3.0,7.0,1
148,65,48.87,3.0,8.0,1
148,28,72.99,8.0,180.0,1
8,65,31.95,3.0,5.0,1
86,28,188.3,10.0,266.0,1
101,28,55.45,3.0,11.0,1
266,40,18.33,10.0,1332.0,1
145,75,123.99,19.0,5.0,1
148,28,70.0,10.0,2.0,1
36,36,3.5,4.0,3009.0,1
349,64,10.99,10.0,38.0,1
41,20,42.99,4.0,26.0,1
118,40,71.9,10.0,244.0,1
317,40,32.89,3.0,5.0,1
33,40,38.99,9.0,37.0,1
98,24,16.34,5.0,103.0,1
173,40,44.61,54.0,27.0,1
198,40,18.66,26.0,58.0,1
165,25,62.62,3.0,335.0,1
336,40,49.99,3.0,19.0,1
369,40,178.99,10.0,77.0,1
117,28,29.95,4.0,2.0,1
369,28,58.99,8.0,22.0,1
107,40,40.95,3.0,14.0,1
232,24,159.99,4.0,2.0,1
153,40,71.98,10.0,100.0,1
145,40,29.99,10.0,61.0,1
258,28,59.0,6.0,4.0,1
86,73,9.96,10.0,266.0,1
57,92,19.97,4.0,15.0,1
320,83,12.99,10.0,10.0,1
101,28,18.89,10.0,125.0,1
59,28,29.99,10.0,25.0,1
74,28,27.5,10.0,29.0,1
101,40,34.99,4.0,48.0,1
173,40,24.35,10.0,88.0,1
260,28,34.99,9.0,3.0,1
53,28,160.27,3.0,47.0,1
198,51,24.5,10.0,415.0,1
134,65,32.89,3.0,8.0,1
188,40,29.2,21.0,121.0,1
51,40,16.99,10.0,3.0,1
171,40,29.78,10.0,604.0,1
11,39,30.93,65.0,998.0,1
86,28,180.17,10.0,327.0,1
54,28,35.58,10.0,1024.0,1
130,28,179.99,5.0,5.0,1
27,28,45.35,2.0,1.0,1
275,76,99.99,6.0,50.0,1
275,28,69.99,10.0,13.0,1
110,47,110.19,10.0,11.0,1
248,28,99.86,3.0,4.0,1
365,28,11.0,3.0,47.0,1
154,25,12.0,7.0,22.0,1
303,40,31.99,6.0,15.0,1
297,28,8.99,4.0,8.0,1
351,28,14.99,10.0,20.0,1
58,40,39.25,10.0,30.0,1
185,40,16.5,5.0,67.0,1
83,28,24.99,10.0,2.0,1
40,40,34.99,10.0,577.0,1
185,40,68.72,10.0,55.0,1
349,40,25.89,10.0,4.0,1
59,28,250.0,10.0,0.0,1
369,40,16.95,10.0,69.0,1
145,40,36.5,3.0,185.0,1
86,28,15.95,6.0,30.0,1
64,40,24.95,6.0,8.0,1
349,13,7.19,10.0,131.0,1
367,28,44.99,10.0,13.0,1
292,25,9.45,10.0,56.0,1
275,40,39.99,10.0,5.0,1
349,78,15.99,10.0,81.0,1
50,28,54.85,9.0,8.0,1
34,28,42.39,10.0,4.0,1
15,25,28.99,8.0,3.0,1
145,28,84.99,10.0,8.0,1
164,65,28.19,3.0,6.0,1
317,28,26.99,3.0,14.0,1
304,28,49.5,10.0,2.0,1
101,40,56.99,68.0,993.0,1
59,40,64.02,2.0,10.0,1
161,40,15.39,5.0,1.0,1
289,40,21.25,10.0,504.0,1
114,25,17.17,10.0,4.0,1
297,75,103.2,9.0,5.0,1
153,40,68.3,10.0,137.0,1
65,40,65.99,10.0,17.0,1
303,25,41.44,84.0,145.0,1
46,12,10.91,10.0,654.0,1
103,40,18.99,10.0,14.0,1
209,28,25.74,5.0,7.0,1
148,40,50.44,13.0,636.0,1
8,28,6.94,10.0,131.0,1
35,28,36.99,10.0,12.0,1
365,28,11.99,4.0,442.0,1
177,40,14.57,54.0,63.0,1
12,78,8.99,7.0,76.0,1
83,78,19.9,10.0,331.0,1
52,61,9.99,3.0,32.0,1
94,40,56.0,3.0,677.0,1
20,28,166.18,10.0,78.0,1
303,25,29.99,10.0,60.0,1
304,28,38.0,8.0,12.0,1
59,40,16.48,10.0,24.0,1
27,28,85.0,10.0,10.0,1
27,28,41.0,8.0,397.0,1
90,25,14.99,10.0,647.0,1
65,40,66.52,10.0,1963.0,1
145,28,24.0,3.0,2.0,1
94,40,26.99,8.0,21.0,1
105,10,8.0,10.0,1113.0,1
279,75,12.0,10.0,19.0,1
8,39,24.35,110.0,692.0,1
213,40,20.08,29.0,518.0,1
23,65,99.63,3.0,13.0,1
118,78,74.99,10.0,82.0,1
27,28,23.62,130.0,415.0,1
287,40,40.13,9.0,2703.0,1
303,40,28.99,10.0,180.0,1
370,40,15.0,2.0,3.0,1
91,40,37.0,10.0,60.0,1
11,28,31.98,10.0,12.0,1
304,28,78.0,6.0,27.0,1
326,28,53.42,10.0,4.0,1
125,40,29.98,7.0,14.0,1
171,40,47.26,88.0,52.0,1
145,28,94.99,10.0,420.0,1
298,40,76.65,10.0,30.0,1
94,40,29.74,19.0,578.0,1
185,40,36.99,4.0,16.0,1
250,40,41.19,21.0,258.0,1
141,40,69.25,3.0,19.0,1
209,28,31.47,48.0,397.0,1
333,25,34.99,3.0,1.0,1
179,40,55.99,10.0,368.0,1
219,40,18.32,10.0,211.0,1
269,40,120.0,3.0,7.0,1
364,40,21.21,8.0,300.0,1
148,28,80.0,10.0,197.0,1
66,40,49.52,10.0,20.0,1
101,40,54.99,2.0,45.0,1
101,28,91.0,3.0,1.0,1
57,25,9.78,50.0,8.0,1
233,40,84.98,8.0,42.0,1
241,40,41.87,8.0,21.0,1
349,28,13.99,10.0,9.0,1
65,28,59.99,10.0,496.0,1
167,40,18.76,5.0,227.0,1
191,40,22.6,9.0,541.0,1
297,40,33.0,4.0,401.0,1
87,40,10.58,31.0,391.0,1
245,25,20.48,10.0,2624.0,1
368,40,18.84,47.0,674.0,1
287,40,40.72,10.0,232.0,1
148,28,73.52,4.0,8.0,1
236,40,27.99,10.0,75.0,1
135,40,24.25,10.0,177.0,1
101,40,27.99,7.0,24.0,1
156,40,20.28,45.0,1613.0,1
27,40,30.58,10.0,31.0,1
275,40,39.99,2.0,305.0,1
222,40,9.99,2.0,22.0,1
121,15,17.49,10.0,24.0,1
